Day,Date,Activity,Description,Location,Cost,Travel Distance to Next Location
,,Arrival at Fiumicino Airport,FCO,,,
,,Check-in & Freshen Up,Settle into your hotel,Hotel (Your chosen hotel),$0,
,,Colosseum & Roman Forum Tour,Guided tour exploring the iconic amphitheater and ruins of the Roman Forum,Colosseum & Roman Forum $80 per person,,
,,Lunch at a Trattoria near the Forum,Authentic Roman pasta dishes,Trattoria Monti $50 per person,,
,,Palatine Hill Exploration,Explore the legendary birthplace of Rome with panoramic city views,Palatine Hill $16 per person,,
,,Dinner near the Pantheon,Enjoy a delicious meal with a view of this architectural marvel,Restaurant near Pantheon $70 per person,,
,,Vatican City Exploration,"Visit St. Peter's Basilica, the Vatican Museums, and the Sistine Chapel",Vatican City $40 per person,,
,,Lunch near Vatican City,Casual pizza or sandwich,Near Vatican City $30 per person,,
,,Castel Sant'Angelo,Explore this ancient mausoleum turned fortress with stunning city views,Castel Sant'Angelo $15 per person,,
,,Trastevere Exploration,Wander through the charming cobbled streets of Trastevere,Trastevere,$0,
,,Dinner in Trastevere,Enjoy traditional Roman cuisine in this vibrant neighborhood,Trastevere Restaurant $60 per person,,
,,Pantheon & Piazza Navona,Visit the Pantheon and admire the fountains and street artists of Piazza Navona,Pantheon & Piazza Navona,$0,
,,Trevi Fountain & Spanish Steps,Toss a coin into the Trevi Fountain and climb the iconic Spanish Steps,Trevi Fountain & Spanish Steps,$0,
,,Lunch near the Spanish Steps,Enjoy a light lunch near the Spanish Steps,Near Spanish Steps $35 per person,,
,,Borghese Gallery & Gardens,"Admire masterpieces by Bernini, Caravaggio, and Raphael",Borghese Gallery & Gardens $22 per person,,
,,Dinner near the Borghese Gallery,Enjoy a nice meal near the beautiful gardens,Restaurant near Borghese Gallery $70 per person,,
,,Appian Way Bike Tour,"Cycle along the ancient Appian Way, exploring the catacombs and Roman ruins",Appian Way $60 per person,,
,,Lunch on the Appian Way,Picnic lunch or stop at a local restaurant,Appian Way $30 per person,,
,,Catacombs of Callixtus or Domitilla,Explore the underground burial chambers of early Christians,Catacombs $8 per person,,
,,Roman Cooking Class,Learn to make classic Roman dishes from a local chef,Cooking School $120 per person,,
,,Monti Neighborhood Exploration,Explore the charming and trendy Monti neighborhood,Monti,$0,
,,Shopping in Monti,Browse local boutiques and artisan shops,Monti $Variable,,
,,Dinner in Monti,Enjoy a delicious meal in the stylish Monti neighborhood,Monti Restaurant $60 per person,,
,,Day Trip to Ostia Antica,Explore the remarkably well-preserved ancient port of Rome,Ostia Antica $30 per person,,
,,Lunch in Ostia Antica,Enjoy a seafood lunch by the sea,Ostia Antica $40 per person,,
,,Departure from Hotel,Transfer to Fiumicino Airport,Hotel,$50,
,,Departure from Fiumicino Airport,FCO,Fiumicino Airport,$0,
,,*budget estimate**,,,,
,,"*Note:** This itinerary is a suggestion, and you can customize it to your preferences.  Pre-booking tickets for popular attractions is highly recommended, especially during peak season.  Consider purchasing the Roma Pass for access to public transportation and some attractions.  Remember to account for potential unexpected expenses.",,,,

